{
    "RMSE": 183.45062703598566,
    "MAE": 105.38674599019164,
    "R2": 0.7135371229503371
}