{
    "RMSE": 184.12907894936802,
    "MAE": 106.19182176159617,
    "R2": 0.7114143646583622
}