{
    "RMSE": 85.8008511999314,
    "MAE": 60.633819558802124,
    "R2": 0.9500230694515296
}