{
    "RMSE": 179.46022578342354,
    "MAE": 95.70839454429603,
    "R2": 0.7258638128998733
}