{
    "RMSE": 182.24638180123128,
    "MAE": 100.64961227820125,
    "R2": 0.7172856987139324
}